Instances,feature_direct_distance,feature_median_pivot_off,feature_min_angle,feature_num_r_turns,feature_road_distance,feature_std_pivot_off,feature_total_angle,feature_uturns,algo_safety
0,0.30787667862030876,0.5752468861539592,0.9009157781567363,0.8,0.4350578053001286,1.0000000000000002,0.9233473933485571,0.0,0
1,0.4422015104039865,0.43284606835613965,0.9999999999999999,0.2,0.36145297198032966,0.24232061893731383,0.8292879732668736,0.0,0
2,0.6241136414463128,1.0,0.7498969266516247,0.6000000000000001,0.2685992705767932,0.06674302429064144,0.0,0.0,0
3,0.3502568840427224,0.6564760563125447,0.7207693609009742,1.0000000000000002,0.6006803938150596,0.895349436298982,0.029786837069874395,0.0,1
4,0.34600258482385765,0.2756603699648216,0.8749133276682373,0.4000000000000001,0.3472855671440682,0.05885428667917242,0.8800898320502143,0.0,0
5,0.3702242264824088,0.0,0.6202508474566606,0.4000000000000001,0.4840974504810889,0.13768063752201132,0.17090896510814385,0.0,0
6,0.8179578625390734,0.8622116676238871,0.885889281104696,0.6000000000000001,0.6096506023220443,0.1802890864216643,0.3563715155169687,0.0,0
7,0.30787667862030876,0.5752468861539592,0.9009157781567363,0.8,0.4350578053001286,1.0000000000000002,0.9233473933485571,0.0,0
8,0.4422015104039865,0.43284606835613965,0.9999999999999999,0.2,0.36145297198032966,0.24232061893731383,0.8292879732668736,0.0,0
9,0.6241136414463128,1.0,0.7498969266516247,0.6000000000000001,0.2685992705767932,0.06674302429064144,0.0,0.0,0
10,0.3502568840427224,0.6564760563125447,0.7207693609009742,1.0000000000000002,0.6006803938150596,0.895349436298982,0.029786837069874395,0.0,1
11,0.34600258482385765,0.2756603699648216,0.8749133276682373,0.4000000000000001,0.3472855671440682,0.05885428667917242,0.8800898320502143,0.0,0
12,0.3702242264824088,0.0,0.6202508474566606,0.4000000000000001,0.4840974504810889,0.13768063752201132,0.17090896510814385,0.0,0
13,0.8179578625390734,0.8622116676238871,0.885889281104696,0.6000000000000001,0.6096506023220443,0.1802890864216643,0.3563715155169687,0.0,0
14,0.30787667862030876,0.5752468861539592,0.9009157781567363,0.8,0.4350578053001286,1.0000000000000002,0.9233473933485571,0.0,0
15,0.4422015104039865,0.43284606835613965,0.9999999999999999,0.2,0.36145297198032966,0.24232061893731383,0.8292879732668736,0.0,0
16,0.6241136414463128,1.0,0.7498969266516247,0.6000000000000001,0.2685992705767932,0.06674302429064144,0.0,0.0,0
17,0.3502568840427224,0.6564760563125447,0.7207693609009742,1.0000000000000002,0.6006803938150596,0.895349436298982,0.029786837069874395,0.0,1
18,0.34600258482385765,0.2756603699648216,0.8749133276682373,0.4000000000000001,0.3472855671440682,0.05885428667917242,0.8800898320502143,0.0,0
19,0.3702242264824088,0.0,0.6202508474566606,0.4000000000000001,0.4840974504810889,0.13768063752201132,0.17090896510814385,0.0,0
20,0.8179578625390734,0.8622116676238871,0.885889281104696,0.6000000000000001,0.6096506023220443,0.1802890864216643,0.3563715155169687,0.0,0
21,0.30787667862030876,0.5752468861539592,0.9009157781567363,0.8,0.4350578053001286,1.0000000000000002,0.9233473933485571,0.0,0
22,0.4422015104039865,0.43284606835613965,0.9999999999999999,0.2,0.36145297198032966,0.24232061893731383,0.8292879732668736,0.0,0
23,0.6241136414463128,1.0,0.7498969266516247,0.6000000000000001,0.2685992705767932,0.06674302429064144,0.0,0.0,0
24,0.3502568840427224,0.6564760563125447,0.7207693609009742,1.0000000000000002,0.6006803938150596,0.895349436298982,0.029786837069874395,0.0,1
25,0.34600258482385765,0.2756603699648216,0.8749133276682373,0.4000000000000001,0.3472855671440682,0.05885428667917242,0.8800898320502143,0.0,0
26,0.3702242264824088,0.0,0.6202508474566606,0.4000000000000001,0.4840974504810889,0.13768063752201132,0.17090896510814385,0.0,0
27,0.8179578625390734,0.8622116676238871,0.885889281104696,0.6000000000000001,0.6096506023220443,0.1802890864216643,0.3563715155169687,0.0,0
28,0.30787667862030876,0.5752468861539592,0.9009157781567363,0.8,0.4350578053001286,1.0000000000000002,0.9233473933485571,0.0,0
29,0.4422015104039865,0.43284606835613965,0.9999999999999999,0.2,0.36145297198032966,0.24232061893731383,0.8292879732668736,0.0,0
30,0.6241136414463128,1.0,0.7498969266516247,0.6000000000000001,0.2685992705767932,0.06674302429064144,0.0,0.0,0
31,0.3502568840427224,0.6564760563125447,0.7207693609009742,1.0000000000000002,0.6006803938150596,0.895349436298982,0.029786837069874395,0.0,1
32,0.34600258482385765,0.2756603699648216,0.8749133276682373,0.4000000000000001,0.3472855671440682,0.05885428667917242,0.8800898320502143,0.0,0
33,0.3702242264824088,0.0,0.6202508474566606,0.4000000000000001,0.4840974504810889,0.13768063752201132,0.17090896510814385,0.0,0
34,0.8179578625390734,0.8622116676238871,0.885889281104696,0.6000000000000001,0.6096506023220443,0.1802890864216643,0.3563715155169687,0.0,0
35,0.30787667862030876,0.5752468861539592,0.9009157781567363,0.8,0.4350578053001286,1.0000000000000002,0.9233473933485571,0.0,0
36,0.4422015104039865,0.43284606835613965,0.9999999999999999,0.2,0.36145297198032966,0.24232061893731383,0.8292879732668736,0.0,0
37,0.6241136414463128,1.0,0.7498969266516247,0.6000000000000001,0.2685992705767932,0.06674302429064144,0.0,0.0,0
38,0.3502568840427224,0.6564760563125447,0.7207693609009742,1.0000000000000002,0.6006803938150596,0.895349436298982,0.029786837069874395,0.0,1
39,0.34600258482385765,0.2756603699648216,0.8749133276682373,0.4000000000000001,0.3472855671440682,0.05885428667917242,0.8800898320502143,0.0,0
40,0.3702242264824088,0.0,0.6202508474566606,0.4000000000000001,0.4840974504810889,0.13768063752201132,0.17090896510814385,0.0,0
41,0.8179578625390734,0.8622116676238871,0.885889281104696,0.6000000000000001,0.6096506023220443,0.1802890864216643,0.3563715155169687,0.0,0
42,0.30787667862030876,0.5752468861539592,0.9009157781567363,0.8,0.4350578053001286,1.0000000000000002,0.9233473933485571,0.0,0
43,0.4422015104039865,0.43284606835613965,0.9999999999999999,0.2,0.36145297198032966,0.24232061893731383,0.8292879732668736,0.0,0
44,0.6241136414463128,1.0,0.7498969266516247,0.6000000000000001,0.2685992705767932,0.06674302429064144,0.0,0.0,0
45,0.3502568840427224,0.6564760563125447,0.7207693609009742,1.0000000000000002,0.6006803938150596,0.895349436298982,0.029786837069874395,0.0,1
46,0.34600258482385765,0.2756603699648216,0.8749133276682373,0.4000000000000001,0.3472855671440682,0.05885428667917242,0.8800898320502143,0.0,0
47,0.3702242264824088,0.0,0.6202508474566606,0.4000000000000001,0.4840974504810889,0.13768063752201132,0.17090896510814385,0.0,0
48,0.8179578625390734,0.8622116676238871,0.885889281104696,0.6000000000000001,0.6096506023220443,0.1802890864216643,0.3563715155169687,0.0,0
49,0.30787667862030876,0.5752468861539592,0.9009157781567363,0.8,0.4350578053001286,1.0000000000000002,0.9233473933485571,0.0,0
50,0.4422015104039865,0.43284606835613965,0.9999999999999999,0.2,0.36145297198032966,0.24232061893731383,0.8292879732668736,0.0,0
51,0.6241136414463128,1.0,0.7498969266516247,0.6000000000000001,0.2685992705767932,0.06674302429064144,0.0,0.0,0
52,0.3502568840427224,0.6564760563125447,0.7207693609009742,1.0000000000000002,0.6006803938150596,0.895349436298982,0.029786837069874395,0.0,1
53,0.34600258482385765,0.2756603699648216,0.8749133276682373,0.4000000000000001,0.3472855671440682,0.05885428667917242,0.8800898320502143,0.0,0
54,0.3702242264824088,0.0,0.6202508474566606,0.4000000000000001,0.4840974504810889,0.13768063752201132,0.17090896510814385,0.0,0
55,0.8179578625390734,0.8622116676238871,0.885889281104696,0.6000000000000001,0.6096506023220443,0.1802890864216643,0.3563715155169687,0.0,0
56,0.30787667862030876,0.5752468861539592,0.9009157781567363,0.8,0.4350578053001286,1.0000000000000002,0.9233473933485571,0.0,0
57,0.4422015104039865,0.43284606835613965,0.9999999999999999,0.2,0.36145297198032966,0.24232061893731383,0.8292879732668736,0.0,0
58,0.6241136414463128,1.0,0.7498969266516247,0.6000000000000001,0.2685992705767932,0.06674302429064144,0.0,0.0,0
59,0.3502568840427224,0.6564760563125447,0.7207693609009742,1.0000000000000002,0.6006803938150596,0.895349436298982,0.029786837069874395,0.0,1
60,0.34600258482385765,0.2756603699648216,0.8749133276682373,0.4000000000000001,0.3472855671440682,0.05885428667917242,0.8800898320502143,0.0,0
61,0.3702242264824088,0.0,0.6202508474566606,0.4000000000000001,0.4840974504810889,0.13768063752201132,0.17090896510814385,0.0,0
62,0.8179578625390734,0.8622116676238871,0.885889281104696,0.6000000000000001,0.6096506023220443,0.1802890864216643,0.3563715155169687,0.0,0
63,0.30787667862030876,0.5752468861539592,0.9009157781567363,0.8,0.4350578053001286,1.0000000000000002,0.9233473933485571,0.0,0
64,0.4422015104039865,0.43284606835613965,0.9999999999999999,0.2,0.36145297198032966,0.24232061893731383,0.8292879732668736,0.0,0
65,0.6241136414463128,1.0,0.7498969266516247,0.6000000000000001,0.2685992705767932,0.06674302429064144,0.0,0.0,0
66,0.3502568840427224,0.6564760563125447,0.7207693609009742,1.0000000000000002,0.6006803938150596,0.895349436298982,0.029786837069874395,0.0,1
67,0.34600258482385765,0.2756603699648216,0.8749133276682373,0.4000000000000001,0.3472855671440682,0.05885428667917242,0.8800898320502143,0.0,0
68,0.3702242264824088,0.0,0.6202508474566606,0.4000000000000001,0.4840974504810889,0.13768063752201132,0.17090896510814385,0.0,0
69,0.8179578625390734,0.8622116676238871,0.885889281104696,0.6000000000000001,0.6096506023220443,0.1802890864216643,0.3563715155169687,0.0,0
70,0.30787667862030876,0.5752468861539592,0.9009157781567363,0.8,0.4350578053001286,1.0000000000000002,0.9233473933485571,0.0,0
71,0.4422015104039865,0.43284606835613965,0.9999999999999999,0.2,0.36145297198032966,0.24232061893731383,0.8292879732668736,0.0,0
72,0.6241136414463128,1.0,0.7498969266516247,0.6000000000000001,0.2685992705767932,0.06674302429064144,0.0,0.0,0
73,0.3502568840427224,0.6564760563125447,0.7207693609009742,1.0000000000000002,0.6006803938150596,0.895349436298982,0.029786837069874395,0.0,1
74,0.34600258482385765,0.2756603699648216,0.8749133276682373,0.4000000000000001,0.3472855671440682,0.05885428667917242,0.8800898320502143,0.0,0
75,0.3702242264824088,0.0,0.6202508474566606,0.4000000000000001,0.4840974504810889,0.13768063752201132,0.17090896510814385,0.0,0
76,0.8179578625390734,0.8622116676238871,0.885889281104696,0.6000000000000001,0.6096506023220443,0.1802890864216643,0.3563715155169687,0.0,0
77,0.30787667862030876,0.5752468861539592,0.9009157781567363,0.8,0.4350578053001286,1.0000000000000002,0.9233473933485571,0.0,0
78,0.4422015104039865,0.43284606835613965,0.9999999999999999,0.2,0.36145297198032966,0.24232061893731383,0.8292879732668736,0.0,0
79,0.6241136414463128,1.0,0.7498969266516247,0.6000000000000001,0.2685992705767932,0.06674302429064144,0.0,0.0,0
80,0.3502568840427224,0.6564760563125447,0.7207693609009742,1.0000000000000002,0.6006803938150596,0.895349436298982,0.029786837069874395,0.0,1
81,0.34600258482385765,0.2756603699648216,0.8749133276682373,0.4000000000000001,0.3472855671440682,0.05885428667917242,0.8800898320502143,0.0,0
82,0.3702242264824088,0.0,0.6202508474566606,0.4000000000000001,0.4840974504810889,0.13768063752201132,0.17090896510814385,0.0,0
83,0.8179578625390734,0.8622116676238871,0.885889281104696,0.6000000000000001,0.6096506023220443,0.1802890864216643,0.3563715155169687,0.0,0
84,0.30787667862030876,0.5752468861539592,0.9009157781567363,0.8,0.4350578053001286,1.0000000000000002,0.9233473933485571,0.0,0
85,0.4422015104039865,0.43284606835613965,0.9999999999999999,0.2,0.36145297198032966,0.24232061893731383,0.8292879732668736,0.0,0
86,0.6241136414463128,1.0,0.7498969266516247,0.6000000000000001,0.2685992705767932,0.06674302429064144,0.0,0.0,0
87,0.3502568840427224,0.6564760563125447,0.7207693609009742,1.0000000000000002,0.6006803938150596,0.895349436298982,0.029786837069874395,0.0,1
88,0.34600258482385765,0.2756603699648216,0.8749133276682373,0.4000000000000001,0.3472855671440682,0.05885428667917242,0.8800898320502143,0.0,0
89,0.3702242264824088,0.0,0.6202508474566606,0.4000000000000001,0.4840974504810889,0.13768063752201132,0.17090896510814385,0.0,0
90,0.8179578625390734,0.8622116676238871,0.885889281104696,0.6000000000000001,0.6096506023220443,0.1802890864216643,0.3563715155169687,0.0,0
91,0.30787667862030876,0.5752468861539592,0.9009157781567363,0.8,0.4350578053001286,1.0000000000000002,0.9233473933485571,0.0,0
92,0.4422015104039865,0.43284606835613965,0.9999999999999999,0.2,0.36145297198032966,0.24232061893731383,0.8292879732668736,0.0,0
93,0.6241136414463128,1.0,0.7498969266516247,0.6000000000000001,0.2685992705767932,0.06674302429064144,0.0,0.0,0
94,0.3502568840427224,0.6564760563125447,0.7207693609009742,1.0000000000000002,0.6006803938150596,0.895349436298982,0.029786837069874395,0.0,1
95,0.34600258482385765,0.2756603699648216,0.8749133276682373,0.4000000000000001,0.3472855671440682,0.05885428667917242,0.8800898320502143,0.0,0
96,0.3702242264824088,0.0,0.6202508474566606,0.4000000000000001,0.4840974504810889,0.13768063752201132,0.17090896510814385,0.0,0
97,0.8179578625390734,0.8622116676238871,0.885889281104696,0.6000000000000001,0.6096506023220443,0.1802890864216643,0.3563715155169687,0.0,0
98,0.30787667862030876,0.5752468861539592,0.9009157781567363,0.8,0.4350578053001286,1.0000000000000002,0.9233473933485571,0.0,0
99,0.4422015104039865,0.43284606835613965,0.9999999999999999,0.2,0.36145297198032966,0.24232061893731383,0.8292879732668736,0.0,0
100,0.6241136414463128,1.0,0.7498969266516247,0.6000000000000001,0.2685992705767932,0.06674302429064144,0.0,0.0,0
101,0.3502568840427224,0.6564760563125447,0.7207693609009742,1.0000000000000002,0.6006803938150596,0.895349436298982,0.029786837069874395,0.0,1
102,0.34600258482385765,0.2756603699648216,0.8749133276682373,0.4000000000000001,0.3472855671440682,0.05885428667917242,0.8800898320502143,0.0,0
103,0.3702242264824088,0.0,0.6202508474566606,0.4000000000000001,0.4840974504810889,0.13768063752201132,0.17090896510814385,0.0,0
104,0.8179578625390734,0.8622116676238871,0.885889281104696,0.6000000000000001,0.6096506023220443,0.1802890864216643,0.3563715155169687,0.0,0
105,0.30787667862030876,0.5752468861539592,0.9009157781567363,0.8,0.4350578053001286,1.0000000000000002,0.9233473933485571,0.0,0
106,0.4422015104039865,0.43284606835613965,0.9999999999999999,0.2,0.36145297198032966,0.24232061893731383,0.8292879732668736,0.0,0
107,0.6241136414463128,1.0,0.7498969266516247,0.6000000000000001,0.2685992705767932,0.06674302429064144,0.0,0.0,0
108,0.3502568840427224,0.6564760563125447,0.7207693609009742,1.0000000000000002,0.6006803938150596,0.895349436298982,0.029786837069874395,0.0,1
109,0.34600258482385765,0.2756603699648216,0.8749133276682373,0.4000000000000001,0.3472855671440682,0.05885428667917242,0.8800898320502143,0.0,0
110,0.3702242264824088,0.0,0.6202508474566606,0.4000000000000001,0.4840974504810889,0.13768063752201132,0.17090896510814385,0.0,0
111,0.8179578625390734,0.8622116676238871,0.885889281104696,0.6000000000000001,0.6096506023220443,0.1802890864216643,0.3563715155169687,0.0,0
112,0.30787667862030876,0.5752468861539592,0.9009157781567363,0.8,0.4350578053001286,1.0000000000000002,0.9233473933485571,0.0,0
113,0.4422015104039865,0.43284606835613965,0.9999999999999999,0.2,0.36145297198032966,0.24232061893731383,0.8292879732668736,0.0,0
114,0.6241136414463128,1.0,0.7498969266516247,0.6000000000000001,0.2685992705767932,0.06674302429064144,0.0,0.0,0
115,0.3502568840427224,0.6564760563125447,0.7207693609009742,1.0000000000000002,0.6006803938150596,0.895349436298982,0.029786837069874395,0.0,1
116,0.34600258482385765,0.2756603699648216,0.8749133276682373,0.4000000000000001,0.3472855671440682,0.05885428667917242,0.8800898320502143,0.0,0
117,0.3702242264824088,0.0,0.6202508474566606,0.4000000000000001,0.4840974504810889,0.13768063752201132,0.17090896510814385,0.0,0
118,0.8179578625390734,0.8622116676238871,0.885889281104696,0.6000000000000001,0.6096506023220443,0.1802890864216643,0.3563715155169687,0.0,0
119,0.5810117876076549,0.530948192492722,0.02066569495915127,0.6000000000000001,0.5887291426234118,0.010935375561296617,0.6382389847335819,0.0,0
120,0.4422015104039865,0.43284606835613965,0.9999999999999999,0.2,0.36145297198032966,0.24232061893731383,0.8292879732668736,0.0,0
121,0.6241136414463128,1.0,0.7498969266516247,0.6000000000000001,0.2685992705767932,0.06674302429064144,0.0,0.0,0
122,0.3502568840427224,0.6564760563125447,0.7207693609009742,1.0000000000000002,0.6006803938150596,0.895349436298982,0.029786837069874395,0.0,1
123,0.34600258482385765,0.2756603699648216,0.8749133276682373,0.4000000000000001,0.3472855671440682,0.05885428667917242,0.8800898320502143,0.0,0
124,0.3702242264824088,0.0,0.6202508474566606,0.4000000000000001,0.4840974504810889,0.13768063752201132,0.17090896510814385,0.0,0
125,0.8179578625390734,0.8622116676238871,0.885889281104696,0.6000000000000001,0.6096506023220443,0.1802890864216643,0.3563715155169687,0.0,0
126,0.5646601849180568,0.7292060679408792,0.8669453069487112,0.8,0.48504538454174306,0.4972067930182111,0.17280853115226757,0.0,0
127,0.4422015104039865,0.43284606835613965,0.9999999999999999,0.2,0.36145297198032966,0.24232061893731383,0.8292879732668736,0.0,0
128,0.6241136414463128,1.0,0.7498969266516247,0.6000000000000001,0.2685992705767932,0.06674302429064144,0.0,0.0,0
129,0.3502568840427224,0.6564760563125447,0.7207693609009742,1.0000000000000002,0.6006803938150596,0.895349436298982,0.029786837069874395,0.0,1
130,0.34600258482385765,0.2756603699648216,0.8749133276682373,0.4000000000000001,0.3472855671440682,0.05885428667917242,0.8800898320502143,0.0,0
131,0.3702242264824088,0.0,0.6202508474566606,0.4000000000000001,0.4840974504810889,0.13768063752201132,0.17090896510814385,0.0,0
132,0.8179578625390734,0.8622116676238871,0.885889281104696,0.6000000000000001,0.6096506023220443,0.1802890864216643,0.3563715155169687,0.0,0
133,0.5646601849180568,0.7292060679408792,0.8669453069487112,0.8,0.48504538454174306,0.4972067930182111,0.17280853115226757,0.0,0
134,0.4422015104039865,0.43284606835613965,0.9999999999999999,0.2,0.36145297198032966,0.24232061893731383,0.8292879732668736,0.0,0
135,0.6241136414463128,1.0,0.7498969266516247,0.6000000000000001,0.2685992705767932,0.06674302429064144,0.0,0.0,0
136,0.3502568840427224,0.6564760563125447,0.7207693609009742,1.0000000000000002,0.6006803938150596,0.895349436298982,0.029786837069874395,0.0,1
137,0.34600258482385765,0.2756603699648216,0.8749133276682373,0.4000000000000001,0.3472855671440682,0.05885428667917242,0.8800898320502143,0.0,0
138,0.3702242264824088,0.0,0.6202508474566606,0.4000000000000001,0.4840974504810889,0.13768063752201132,0.17090896510814385,0.0,0
139,0.8179578625390734,0.8622116676238871,0.885889281104696,0.6000000000000001,0.6096506023220443,0.1802890864216643,0.3563715155169687,0.0,0
140,0.0,0.8962636542821178,0.7969184635900081,0.8,0.9999999999999998,0.12490078798593646,0.7341098303346355,0.0,1
141,0.6241136414463128,1.0,0.7498969266516247,0.6000000000000001,0.2685992705767932,0.06674302429064144,0.0,0.0,0
142,0.3502568840427224,0.6564760563125447,0.7207693609009742,1.0000000000000002,0.6006803938150596,0.895349436298982,0.029786837069874395,0.0,1
143,0.34600258482385765,0.2756603699648216,0.8749133276682373,0.4000000000000001,0.3472855671440682,0.05885428667917242,0.8800898320502143,0.0,0
144,0.3702242264824088,0.0,0.6202508474566606,0.4000000000000001,0.4840974504810889,0.13768063752201132,0.17090896510814385,0.0,0
145,0.30610174891140635,0.3634071501299648,0.7534290774728107,0.2,0.36221772548849773,0.0015072477217208113,0.7159298569142624,0.0,0
146,0.8179578625390734,0.8622116676238871,0.885889281104696,0.6000000000000001,0.6096506023220443,0.1802890864216643,0.3563715155169687,0.0,0
147,0.0,0.8962636542821178,0.7969184635900081,0.8,0.9999999999999998,0.12490078798593646,0.7341098303346355,0.0,1
148,0.6241136414463128,1.0,0.7498969266516247,0.6000000000000001,0.2685992705767932,0.06674302429064144,0.0,0.0,0
149,0.3502568840427224,0.6564760563125447,0.7207693609009742,1.0000000000000002,0.6006803938150596,0.895349436298982,0.029786837069874395,0.0,1
150,0.34600258482385765,0.2756603699648216,0.8749133276682373,0.4000000000000001,0.3472855671440682,0.05885428667917242,0.8800898320502143,0.0,0
151,0.3702242264824088,0.0,0.6202508474566606,0.4000000000000001,0.4840974504810889,0.13768063752201132,0.17090896510814385,0.0,0
152,0.30610174891140635,0.3634071501299648,0.7534290774728107,0.2,0.36221772548849773,0.0015072477217208113,0.7159298569142624,0.0,0
153,0.8179578625390734,0.8622116676238871,0.885889281104696,0.6000000000000001,0.6096506023220443,0.1802890864216643,0.3563715155169687,0.0,0
154,0.0,0.8962636542821178,0.7969184635900081,0.8,0.9999999999999998,0.12490078798593646,0.7341098303346355,0.0,1
155,0.6241136414463128,1.0,0.7498969266516247,0.6000000000000001,0.2685992705767932,0.06674302429064144,0.0,0.0,0
156,0.3502568840427224,0.6564760563125447,0.7207693609009742,1.0000000000000002,0.6006803938150596,0.895349436298982,0.029786837069874395,0.0,1
157,0.34600258482385765,0.2756603699648216,0.8749133276682373,0.4000000000000001,0.3472855671440682,0.05885428667917242,0.8800898320502143,0.0,0
158,0.3702242264824088,0.0,0.6202508474566606,0.4000000000000001,0.4840974504810889,0.13768063752201132,0.17090896510814385,0.0,0
159,0.30610174891140635,0.3634071501299648,0.7534290774728107,0.2,0.36221772548849773,0.0015072477217208113,0.7159298569142624,0.0,0
160,0.8179578625390734,0.8622116676238871,0.885889281104696,0.6000000000000001,0.6096506023220443,0.1802890864216643,0.3563715155169687,0.0,0
161,0.0,0.8962636542821178,0.7969184635900081,0.8,0.9999999999999998,0.12490078798593646,0.7341098303346355,0.0,1
162,0.3502568840427224,0.6564760563125447,0.7207693609009742,1.0000000000000002,0.6006803938150596,0.895349436298982,0.029786837069874395,0.0,1
163,0.34600258482385765,0.2756603699648216,0.8749133276682373,0.4000000000000001,0.3472855671440682,0.05885428667917242,0.8800898320502143,0.0,0
164,0.3702242264824088,0.0,0.6202508474566606,0.4000000000000001,0.4840974504810889,0.13768063752201132,0.17090896510814385,0.0,0
165,0.3092620067130111,0.36349906007195193,0.7507547823318421,0.2,0.3778056214265215,0.0,0.7155367693495023,0.0,0
166,0.30610174891140635,0.3634071501299648,0.7534290774728107,0.2,0.36221772548849773,0.0015072477217208113,0.7159298569142624,0.0,0
167,0.8179578625390734,0.8622116676238871,0.885889281104696,0.6000000000000001,0.6096506023220443,0.1802890864216643,0.3563715155169687,0.0,0
168,0.0,0.8962636542821178,0.7969184635900081,0.8,0.9999999999999998,0.12490078798593646,0.7341098303346355,0.0,1
169,0.3502568840427224,0.6564760563125447,0.7207693609009742,1.0000000000000002,0.6006803938150596,0.895349436298982,0.029786837069874395,0.0,1
170,0.34600258482385765,0.2756603699648216,0.8749133276682373,0.4000000000000001,0.3472855671440682,0.05885428667917242,0.8800898320502143,0.0,0
171,0.3702242264824088,0.0,0.6202508474566606,0.4000000000000001,0.4840974504810889,0.13768063752201132,0.17090896510814385,0.0,0
172,0.3092620067130111,0.36349906007195193,0.7507547823318421,0.2,0.3778056214265215,0.0,0.7155367693495023,0.0,0
173,0.30610174891140635,0.3634071501299648,0.7534290774728107,0.2,0.36221772548849773,0.0015072477217208113,0.7159298569142624,0.0,0
174,0.8179578625390734,0.8622116676238871,0.885889281104696,0.6000000000000001,0.6096506023220443,0.1802890864216643,0.3563715155169687,0.0,0
175,0.0,0.8962636542821178,0.7969184635900081,0.8,0.9999999999999998,0.12490078798593646,0.7341098303346355,0.0,1
176,0.3502568840427224,0.6564760563125447,0.7207693609009742,1.0000000000000002,0.6006803938150596,0.895349436298982,0.029786837069874395,0.0,1
177,0.34600258482385765,0.2756603699648216,0.8749133276682373,0.4000000000000001,0.3472855671440682,0.05885428667917242,0.8800898320502143,0.0,0
178,0.3702242264824088,0.0,0.6202508474566606,0.4000000000000001,0.4840974504810889,0.13768063752201132,0.17090896510814385,0.0,0
179,0.3092620067130111,0.36349906007195193,0.7507547823318421,0.2,0.3778056214265215,0.0,0.7155367693495023,0.0,0
180,0.30610174891140635,0.3634071501299648,0.7534290774728107,0.2,0.36221772548849773,0.0015072477217208113,0.7159298569142624,0.0,0
181,0.8179578625390734,0.8622116676238871,0.885889281104696,0.6000000000000001,0.6096506023220443,0.1802890864216643,0.3563715155169687,0.0,0
182,0.0,0.8962636542821178,0.7969184635900081,0.8,0.9999999999999998,0.12490078798593646,0.7341098303346355,0.0,1
183,0.3502568840427224,0.6564760563125447,0.7207693609009742,1.0000000000000002,0.6006803938150596,0.895349436298982,0.029786837069874395,0.0,1
184,0.34600258482385765,0.2756603699648216,0.8749133276682373,0.4000000000000001,0.3472855671440682,0.05885428667917242,0.8800898320502143,0.0,0
185,0.3702242264824088,0.0,0.6202508474566606,0.4000000000000001,0.4840974504810889,0.13768063752201132,0.17090896510814385,0.0,0
186,0.3092620067130111,0.36349906007195193,0.7507547823318421,0.2,0.3778056214265215,0.0,0.7155367693495023,0.0,0
187,0.30610174891140635,0.3634071501299648,0.7534290774728107,0.2,0.36221772548849773,0.0015072477217208113,0.7159298569142624,0.0,0
188,0.8179578625390734,0.8622116676238871,0.885889281104696,0.6000000000000001,0.6096506023220443,0.1802890864216643,0.3563715155169687,0.0,0
189,0.0,0.8962636542821178,0.7969184635900081,0.8,0.9999999999999998,0.12490078798593646,0.7341098303346355,0.0,1
190,0.3502568840427224,0.6564760563125447,0.7207693609009742,1.0000000000000002,0.6006803938150596,0.895349436298982,0.029786837069874395,0.0,1
191,0.34600258482385765,0.2756603699648216,0.8749133276682373,0.4000000000000001,0.3472855671440682,0.05885428667917242,0.8800898320502143,0.0,0
192,0.3702242264824088,0.0,0.6202508474566606,0.4000000000000001,0.4840974504810889,0.13768063752201132,0.17090896510814385,0.0,0
193,0.3092620067130111,0.36349906007195193,0.7507547823318421,0.2,0.3778056214265215,0.0,0.7155367693495023,0.0,0
194,0.30610174891140635,0.3634071501299648,0.7534290774728107,0.2,0.36221772548849773,0.0015072477217208113,0.7159298569142624,0.0,0
195,0.8179578625390734,0.8622116676238871,0.885889281104696,0.6000000000000001,0.6096506023220443,0.1802890864216643,0.3563715155169687,0.0,0
196,0.0,0.8962636542821178,0.7969184635900081,0.8,0.9999999999999998,0.12490078798593646,0.7341098303346355,0.0,1
197,0.3502568840427224,0.6564760563125447,0.7207693609009742,1.0000000000000002,0.6006803938150596,0.895349436298982,0.029786837069874395,0.0,1
198,0.34600258482385765,0.2756603699648216,0.8749133276682373,0.4000000000000001,0.3472855671440682,0.05885428667917242,0.8800898320502143,0.0,0
199,0.3702242264824088,0.0,0.6202508474566606,0.4000000000000001,0.4840974504810889,0.13768063752201132,0.17090896510814385,0.0,0
200,0.3092620067130111,0.36349906007195193,0.7507547823318421,0.2,0.3778056214265215,0.0,0.7155367693495023,0.0,0
201,0.30610174891140635,0.3634071501299648,0.7534290774728107,0.2,0.36221772548849773,0.0015072477217208113,0.7159298569142624,0.0,0
202,0.8179578625390734,0.8622116676238871,0.885889281104696,0.6000000000000001,0.6096506023220443,0.1802890864216643,0.3563715155169687,0.0,0
203,0.0,0.8962636542821178,0.7969184635900081,0.8,0.9999999999999998,0.12490078798593646,0.7341098303346355,0.0,1
204,0.3502568840427224,0.6564760563125447,0.7207693609009742,1.0000000000000002,0.6006803938150596,0.895349436298982,0.029786837069874395,0.0,1
205,0.34600258482385765,0.2756603699648216,0.8749133276682373,0.4000000000000001,0.3472855671440682,0.05885428667917242,0.8800898320502143,0.0,0
206,0.3702242264824088,0.0,0.6202508474566606,0.4000000000000001,0.4840974504810889,0.13768063752201132,0.17090896510814385,0.0,0
207,0.3092620067130111,0.36349906007195193,0.7507547823318421,0.2,0.3778056214265215,0.0,0.7155367693495023,0.0,0
208,0.30610174891140635,0.3634071501299648,0.7534290774728107,0.2,0.36221772548849773,0.0015072477217208113,0.7159298569142624,0.0,0
209,0.8179578625390734,0.8622116676238871,0.885889281104696,0.6000000000000001,0.6096506023220443,0.1802890864216643,0.3563715155169687,0.0,0
210,0.0,0.8962636542821178,0.7969184635900081,0.8,0.9999999999999998,0.12490078798593646,0.7341098303346355,0.0,1
211,0.3502568840427224,0.6564760563125447,0.7207693609009742,1.0000000000000002,0.6006803938150596,0.895349436298982,0.029786837069874395,0.0,1
212,0.34600258482385765,0.2756603699648216,0.8749133276682373,0.4000000000000001,0.3472855671440682,0.05885428667917242,0.8800898320502143,0.0,0
213,0.3702242264824088,0.0,0.6202508474566606,0.4000000000000001,0.4840974504810889,0.13768063752201132,0.17090896510814385,0.0,0
214,0.3092620067130111,0.36349906007195193,0.7507547823318421,0.2,0.3778056214265215,0.0,0.7155367693495023,0.0,0
215,0.30610174891140635,0.3634071501299648,0.7534290774728107,0.2,0.36221772548849773,0.0015072477217208113,0.7159298569142624,0.0,0
216,0.8179578625390734,0.8622116676238871,0.885889281104696,0.6000000000000001,0.6096506023220443,0.1802890864216643,0.3563715155169687,0.0,0
217,0.0,0.8962636542821178,0.7969184635900081,0.8,0.9999999999999998,0.12490078798593646,0.7341098303346355,0.0,1
218,0.3502568840427224,0.6564760563125447,0.7207693609009742,1.0000000000000002,0.6006803938150596,0.895349436298982,0.029786837069874395,0.0,1
219,0.34600258482385765,0.2756603699648216,0.8749133276682373,0.4000000000000001,0.3472855671440682,0.05885428667917242,0.8800898320502143,0.0,0
220,0.3702242264824088,0.0,0.6202508474566606,0.4000000000000001,0.4840974504810889,0.13768063752201132,0.17090896510814385,0.0,0
221,0.3092620067130111,0.36349906007195193,0.7507547823318421,0.2,0.3778056214265215,0.0,0.7155367693495023,0.0,0
222,0.30610174891140635,0.3634071501299648,0.7534290774728107,0.2,0.36221772548849773,0.0015072477217208113,0.7159298569142624,0.0,0
223,0.8179578625390734,0.8622116676238871,0.885889281104696,0.6000000000000001,0.6096506023220443,0.1802890864216643,0.3563715155169687,0.0,0
224,0.0,0.8962636542821178,0.7969184635900081,0.8,0.9999999999999998,0.12490078798593646,0.7341098303346355,0.0,1
225,0.3502568840427224,0.6564760563125447,0.7207693609009742,1.0000000000000002,0.6006803938150596,0.895349436298982,0.029786837069874395,0.0,1
226,0.34600258482385765,0.2756603699648216,0.8749133276682373,0.4000000000000001,0.3472855671440682,0.05885428667917242,0.8800898320502143,0.0,0
227,0.3702242264824088,0.0,0.6202508474566606,0.4000000000000001,0.4840974504810889,0.13768063752201132,0.17090896510814385,0.0,0
228,0.3092620067130111,0.36349906007195193,0.7507547823318421,0.2,0.3778056214265215,0.0,0.7155367693495023,0.0,0
229,0.30610174891140635,0.3634071501299648,0.7534290774728107,0.2,0.36221772548849773,0.0015072477217208113,0.7159298569142624,0.0,0
230,0.8179578625390734,0.8622116676238871,0.885889281104696,0.6000000000000001,0.6096506023220443,0.1802890864216643,0.3563715155169687,0.0,0
231,0.0,0.8962636542821178,0.7969184635900081,0.8,0.9999999999999998,0.12490078798593646,0.7341098303346355,0.0,1
232,0.3502568840427224,0.6564760563125447,0.7207693609009742,1.0000000000000002,0.6006803938150596,0.895349436298982,0.029786837069874395,0.0,1
233,0.34600258482385765,0.2756603699648216,0.8749133276682373,0.4000000000000001,0.3472855671440682,0.05885428667917242,0.8800898320502143,0.0,0
234,0.3702242264824088,0.0,0.6202508474566606,0.4000000000000001,0.4840974504810889,0.13768063752201132,0.17090896510814385,0.0,0
235,0.3092620067130111,0.36349906007195193,0.7507547823318421,0.2,0.3778056214265215,0.0,0.7155367693495023,0.0,0
236,0.30610174891140635,0.3634071501299648,0.7534290774728107,0.2,0.36221772548849773,0.0015072477217208113,0.7159298569142624,0.0,0
237,0.8179578625390734,0.8622116676238871,0.885889281104696,0.6000000000000001,0.6096506023220443,0.1802890864216643,0.3563715155169687,0.0,0
238,0.0,0.8962636542821178,0.7969184635900081,0.8,0.9999999999999998,0.12490078798593646,0.7341098303346355,0.0,1
239,0.3502568840427224,0.6564760563125447,0.7207693609009742,1.0000000000000002,0.6006803938150596,0.895349436298982,0.029786837069874395,0.0,1
240,0.34600258482385765,0.2756603699648216,0.8749133276682373,0.4000000000000001,0.3472855671440682,0.05885428667917242,0.8800898320502143,0.0,0
241,0.3702242264824088,0.0,0.6202508474566606,0.4000000000000001,0.4840974504810889,0.13768063752201132,0.17090896510814385,0.0,0
242,0.3092620067130111,0.36349906007195193,0.7507547823318421,0.2,0.3778056214265215,0.0,0.7155367693495023,0.0,0
243,0.30610174891140635,0.3634071501299648,0.7534290774728107,0.2,0.36221772548849773,0.0015072477217208113,0.7159298569142624,0.0,0
244,0.8179578625390734,0.8622116676238871,0.885889281104696,0.6000000000000001,0.6096506023220443,0.1802890864216643,0.3563715155169687,0.0,0
245,0.0,0.8962636542821178,0.7969184635900081,0.8,0.9999999999999998,0.12490078798593646,0.7341098303346355,0.0,1
246,0.3502568840427224,0.6564760563125447,0.7207693609009742,1.0000000000000002,0.6006803938150596,0.895349436298982,0.029786837069874395,0.0,1
247,0.34600258482385765,0.2756603699648216,0.8749133276682373,0.4000000000000001,0.3472855671440682,0.05885428667917242,0.8800898320502143,0.0,0
248,0.3702242264824088,0.0,0.6202508474566606,0.4000000000000001,0.4840974504810889,0.13768063752201132,0.17090896510814385,0.0,0
249,0.3092620067130111,0.36349906007195193,0.7507547823318421,0.2,0.3778056214265215,0.0,0.7155367693495023,0.0,0
250,0.30610174891140635,0.3634071501299648,0.7534290774728107,0.2,0.36221772548849773,0.0015072477217208113,0.7159298569142624,0.0,0
251,0.8179578625390734,0.8622116676238871,0.885889281104696,0.6000000000000001,0.6096506023220443,0.1802890864216643,0.3563715155169687,0.0,0
252,0.0,0.8962636542821178,0.7969184635900081,0.8,0.9999999999999998,0.12490078798593646,0.7341098303346355,0.0,1
253,0.3502568840427224,0.6564760563125447,0.7207693609009742,1.0000000000000002,0.6006803938150596,0.895349436298982,0.029786837069874395,0.0,1
254,0.34600258482385765,0.2756603699648216,0.8749133276682373,0.4000000000000001,0.3472855671440682,0.05885428667917242,0.8800898320502143,0.0,0
255,0.3702242264824088,0.0,0.6202508474566606,0.4000000000000001,0.4840974504810889,0.13768063752201132,0.17090896510814385,0.0,0
256,0.3092620067130111,0.36349906007195193,0.7507547823318421,0.2,0.3778056214265215,0.0,0.7155367693495023,0.0,0
257,0.30610174891140635,0.3634071501299648,0.7534290774728107,0.2,0.36221772548849773,0.0015072477217208113,0.7159298569142624,0.0,0
258,0.8179578625390734,0.8622116676238871,0.885889281104696,0.6000000000000001,0.6096506023220443,0.1802890864216643,0.3563715155169687,0.0,0
259,0.34600258482385765,0.2756603699648216,0.8749133276682373,0.4000000000000001,0.3472855671440682,0.05885428667917242,0.8800898320502143,0.0,0
260,0.3702242264824088,0.0,0.6202508474566606,0.4000000000000001,0.4840974504810889,0.13768063752201132,0.17090896510814385,0.0,0
261,0.5047347498062593,0.648185732388346,0.0,0.0,0.9596315374902795,0.16020896695292003,0.14341927269630073,0.0,1
262,0.6319347540726729,0.5862259686643383,0.8619793595045371,0.4000000000000001,0.6255105581498752,0.18920363792222322,0.5996242596169578,0.0,0
263,0.3092620067130111,0.36349906007195193,0.7507547823318421,0.2,0.3778056214265215,0.0,0.7155367693495023,0.0,0
264,0.30610174891140635,0.3634071501299648,0.7534290774728107,0.2,0.36221772548849773,0.0015072477217208113,0.7159298569142624,0.0,0
265,0.8179578625390734,0.8622116676238871,0.885889281104696,0.6000000000000001,0.6096506023220443,0.1802890864216643,0.3563715155169687,0.0,0
266,0.34600258482385765,0.2756603699648216,0.8749133276682373,0.4000000000000001,0.3472855671440682,0.05885428667917242,0.8800898320502143,0.0,0
267,0.3702242264824088,0.0,0.6202508474566606,0.4000000000000001,0.4840974504810889,0.13768063752201132,0.17090896510814385,0.0,0
268,0.5047347498062593,0.648185732388346,0.0,0.0,0.9596315374902795,0.16020896695292003,0.14341927269630073,0.0,1
269,0.6319347540726729,0.5862259686643383,0.8619793595045371,0.4000000000000001,0.6255105581498752,0.18920363792222322,0.5996242596169578,0.0,0
270,0.3092620067130111,0.36349906007195193,0.7507547823318421,0.2,0.3778056214265215,0.0,0.7155367693495023,0.0,0
271,0.30610174891140635,0.3634071501299648,0.7534290774728107,0.2,0.36221772548849773,0.0015072477217208113,0.7159298569142624,0.0,0
272,0.8179578625390734,0.8622116676238871,0.885889281104696,0.6000000000000001,0.6096506023220443,0.1802890864216643,0.3563715155169687,0.0,0
273,0.5047347498062593,0.648185732388346,0.0,0.0,0.9596315374902795,0.16020896695292003,0.14341927269630073,0.0,1
274,0.37884024741541555,0.6840625917380379,0.7247721470982837,0.8,0.10482003153121067,0.19385158815794434,0.06511254653139581,0.0,0
275,0.593423737119708,0.5041946158201842,0.9822207869085859,0.6000000000000001,0.0,0.08186556416182902,1.0,0.0,0
276,0.6319347540726729,0.5862259686643383,0.8619793595045371,0.4000000000000001,0.6255105581498752,0.18920363792222322,0.5996242596169578,0.0,0
277,0.3092620067130111,0.36349906007195193,0.7507547823318421,0.2,0.3778056214265215,0.0,0.7155367693495023,0.0,0
278,0.30610174891140635,0.3634071501299648,0.7534290774728107,0.2,0.36221772548849773,0.0015072477217208113,0.7159298569142624,0.0,0
279,0.8179578625390734,0.8622116676238871,0.885889281104696,0.6000000000000001,0.6096506023220443,0.1802890864216643,0.3563715155169687,0.0,0
280,0.5047347498062593,0.648185732388346,0.0,0.0,0.9596315374902795,0.16020896695292003,0.14341927269630073,0.0,1
281,0.37884024741541555,0.6840625917380379,0.7247721470982837,0.8,0.10482003153121067,0.19385158815794434,0.06511254653139581,0.0,0
282,0.593423737119708,0.5041946158201842,0.9822207869085859,0.6000000000000001,0.0,0.08186556416182902,1.0,0.0,0
283,0.6319347540726729,0.5862259686643383,0.8619793595045371,0.4000000000000001,0.6255105581498752,0.18920363792222322,0.5996242596169578,0.0,0
284,0.3092620067130111,0.36349906007195193,0.7507547823318421,0.2,0.3778056214265215,0.0,0.7155367693495023,0.0,0
285,0.30610174891140635,0.3634071501299648,0.7534290774728107,0.2,0.36221772548849773,0.0015072477217208113,0.7159298569142624,0.0,0
286,0.8179578625390734,0.8622116676238871,0.885889281104696,0.6000000000000001,0.6096506023220443,0.1802890864216643,0.3563715155169687,0.0,0
287,0.5047347498062593,0.648185732388346,0.0,0.0,0.9596315374902795,0.16020896695292003,0.14341927269630073,0.0,1
288,0.37884024741541555,0.6840625917380379,0.7247721470982837,0.8,0.10482003153121067,0.19385158815794434,0.06511254653139581,0.0,0
289,0.593423737119708,0.5041946158201842,0.9822207869085859,0.6000000000000001,0.0,0.08186556416182902,1.0,0.0,0
290,0.6319347540726729,0.5862259686643383,0.8619793595045371,0.4000000000000001,0.6255105581498752,0.18920363792222322,0.5996242596169578,0.0,0
291,0.3092620067130111,0.36349906007195193,0.7507547823318421,0.2,0.3778056214265215,0.0,0.7155367693495023,0.0,0
292,0.30610174891140635,0.3634071501299648,0.7534290774728107,0.2,0.36221772548849773,0.0015072477217208113,0.7159298569142624,0.0,0
293,0.8179578625390734,0.8622116676238871,0.885889281104696,0.6000000000000001,0.6096506023220443,0.1802890864216643,0.3563715155169687,0.0,0
294,0.5047347498062593,0.648185732388346,0.0,0.0,0.9596315374902795,0.16020896695292003,0.14341927269630073,0.0,1
295,0.37884024741541555,0.6840625917380379,0.7247721470982837,0.8,0.10482003153121067,0.19385158815794434,0.06511254653139581,0.0,0
296,0.593423737119708,0.5041946158201842,0.9822207869085859,0.6000000000000001,0.0,0.08186556416182902,1.0,0.0,0
297,0.6319347540726729,0.5862259686643383,0.8619793595045371,0.4000000000000001,0.6255105581498752,0.18920363792222322,0.5996242596169578,0.0,0
298,0.3092620067130111,0.36349906007195193,0.7507547823318421,0.2,0.3778056214265215,0.0,0.7155367693495023,0.0,0
299,0.30610174891140635,0.3634071501299648,0.7534290774728107,0.2,0.36221772548849773,0.0015072477217208113,0.7159298569142624,0.0,0
300,0.8179578625390734,0.8622116676238871,0.885889281104696,0.6000000000000001,0.6096506023220443,0.1802890864216643,0.3563715155169687,0.0,0
301,0.5047347498062593,0.648185732388346,0.0,0.0,0.9596315374902795,0.16020896695292003,0.14341927269630073,0.0,1
302,0.37884024741541555,0.6840625917380379,0.7247721470982837,0.8,0.10482003153121067,0.19385158815794434,0.06511254653139581,0.0,0
303,0.593423737119708,0.5041946158201842,0.9822207869085859,0.6000000000000001,0.0,0.08186556416182902,1.0,0.0,0
304,0.6319347540726729,0.5862259686643383,0.8619793595045371,0.4000000000000001,0.6255105581498752,0.18920363792222322,0.5996242596169578,0.0,0
305,0.3092620067130111,0.36349906007195193,0.7507547823318421,0.2,0.3778056214265215,0.0,0.7155367693495023,0.0,0
306,0.30610174891140635,0.3634071501299648,0.7534290774728107,0.2,0.36221772548849773,0.0015072477217208113,0.7159298569142624,0.0,0
307,0.8179578625390734,0.8622116676238871,0.885889281104696,0.6000000000000001,0.6096506023220443,0.1802890864216643,0.3563715155169687,0.0,0
308,0.5047347498062593,0.648185732388346,0.0,0.0,0.9596315374902795,0.16020896695292003,0.14341927269630073,0.0,1
309,0.37884024741541555,0.6840625917380379,0.7247721470982837,0.8,0.10482003153121067,0.19385158815794434,0.06511254653139581,0.0,0
310,0.593423737119708,0.5041946158201842,0.9822207869085859,0.6000000000000001,0.0,0.08186556416182902,1.0,0.0,0
311,0.6319347540726729,0.5862259686643383,0.8619793595045371,0.4000000000000001,0.6255105581498752,0.18920363792222322,0.5996242596169578,0.0,0
312,0.3092620067130111,0.36349906007195193,0.7507547823318421,0.2,0.3778056214265215,0.0,0.7155367693495023,0.0,0
313,0.30610174891140635,0.3634071501299648,0.7534290774728107,0.2,0.36221772548849773,0.0015072477217208113,0.7159298569142624,0.0,0
314,0.8179578625390734,0.8622116676238871,0.885889281104696,0.6000000000000001,0.6096506023220443,0.1802890864216643,0.3563715155169687,0.0,0
315,0.5047347498062593,0.648185732388346,0.0,0.0,0.9596315374902795,0.16020896695292003,0.14341927269630073,0.0,1
316,0.37884024741541555,0.6840625917380379,0.7247721470982837,0.8,0.10482003153121067,0.19385158815794434,0.06511254653139581,0.0,0
317,0.593423737119708,0.5041946158201842,0.9822207869085859,0.6000000000000001,0.0,0.08186556416182902,1.0,0.0,0
318,0.6319347540726729,0.5862259686643383,0.8619793595045371,0.4000000000000001,0.6255105581498752,0.18920363792222322,0.5996242596169578,0.0,0
319,0.3092620067130111,0.36349906007195193,0.7507547823318421,0.2,0.3778056214265215,0.0,0.7155367693495023,0.0,0
320,0.30610174891140635,0.3634071501299648,0.7534290774728107,0.2,0.36221772548849773,0.0015072477217208113,0.7159298569142624,0.0,0
321,0.8179578625390734,0.8622116676238871,0.885889281104696,0.6000000000000001,0.6096506023220443,0.1802890864216643,0.3563715155169687,0.0,0
322,0.5047347498062593,0.648185732388346,0.0,0.0,0.9596315374902795,0.16020896695292003,0.14341927269630073,0.0,1
323,0.37884024741541555,0.6840625917380379,0.7247721470982837,0.8,0.10482003153121067,0.19385158815794434,0.06511254653139581,0.0,0
324,0.593423737119708,0.5041946158201842,0.9822207869085859,0.6000000000000001,0.0,0.08186556416182902,1.0,0.0,0
325,0.6319347540726729,0.5862259686643383,0.8619793595045371,0.4000000000000001,0.6255105581498752,0.18920363792222322,0.5996242596169578,0.0,0
326,0.3092620067130111,0.36349906007195193,0.7507547823318421,0.2,0.3778056214265215,0.0,0.7155367693495023,0.0,0
327,0.30610174891140635,0.3634071501299648,0.7534290774728107,0.2,0.36221772548849773,0.0015072477217208113,0.7159298569142624,0.0,0
328,0.8179578625390734,0.8622116676238871,0.885889281104696,0.6000000000000001,0.6096506023220443,0.1802890864216643,0.3563715155169687,0.0,0
329,0.5047347498062593,0.648185732388346,0.0,0.0,0.9596315374902795,0.16020896695292003,0.14341927269630073,0.0,1
330,0.37884024741541555,0.6840625917380379,0.7247721470982837,0.8,0.10482003153121067,0.19385158815794434,0.06511254653139581,0.0,0
331,0.593423737119708,0.5041946158201842,0.9822207869085859,0.6000000000000001,0.0,0.08186556416182902,1.0,0.0,0
332,0.6319347540726729,0.5862259686643383,0.8619793595045371,0.4000000000000001,0.6255105581498752,0.18920363792222322,0.5996242596169578,0.0,0
333,0.3092620067130111,0.36349906007195193,0.7507547823318421,0.2,0.3778056214265215,0.0,0.7155367693495023,0.0,0
334,0.30610174891140635,0.3634071501299648,0.7534290774728107,0.2,0.36221772548849773,0.0015072477217208113,0.7159298569142624,0.0,0
335,0.8179578625390734,0.8622116676238871,0.885889281104696,0.6000000000000001,0.6096506023220443,0.1802890864216643,0.3563715155169687,0.0,0
336,0.5047347498062593,0.648185732388346,0.0,0.0,0.9596315374902795,0.16020896695292003,0.14341927269630073,0.0,1
337,0.37884024741541555,0.6840625917380379,0.7247721470982837,0.8,0.10482003153121067,0.19385158815794434,0.06511254653139581,0.0,0
338,0.593423737119708,0.5041946158201842,0.9822207869085859,0.6000000000000001,0.0,0.08186556416182902,1.0,0.0,0
339,0.6319347540726729,0.5862259686643383,0.8619793595045371,0.4000000000000001,0.6255105581498752,0.18920363792222322,0.5996242596169578,0.0,0
340,0.3092620067130111,0.36349906007195193,0.7507547823318421,0.2,0.3778056214265215,0.0,0.7155367693495023,0.0,0
341,0.30610174891140635,0.3634071501299648,0.7534290774728107,0.2,0.36221772548849773,0.0015072477217208113,0.7159298569142624,0.0,0
342,0.8179578625390734,0.8622116676238871,0.885889281104696,0.6000000000000001,0.6096506023220443,0.1802890864216643,0.3563715155169687,0.0,0
343,0.5047347498062593,0.648185732388346,0.0,0.0,0.9596315374902795,0.16020896695292003,0.14341927269630073,0.0,1
344,0.37884024741541555,0.6840625917380379,0.7247721470982837,0.8,0.10482003153121067,0.19385158815794434,0.06511254653139581,0.0,0
345,0.593423737119708,0.5041946158201842,0.9822207869085859,0.6000000000000001,0.0,0.08186556416182902,1.0,0.0,0
346,0.6319347540726729,0.5862259686643383,0.8619793595045371,0.4000000000000001,0.6255105581498752,0.18920363792222322,0.5996242596169578,0.0,0
347,0.3092620067130111,0.36349906007195193,0.7507547823318421,0.2,0.3778056214265215,0.0,0.7155367693495023,0.0,0
348,0.30610174891140635,0.3634071501299648,0.7534290774728107,0.2,0.36221772548849773,0.0015072477217208113,0.7159298569142624,0.0,0
349,0.8179578625390734,0.8622116676238871,0.885889281104696,0.6000000000000001,0.6096506023220443,0.1802890864216643,0.3563715155169687,0.0,0
350,0.5047347498062593,0.648185732388346,0.0,0.0,0.9596315374902795,0.16020896695292003,0.14341927269630073,0.0,1
351,0.37884024741541555,0.6840625917380379,0.7247721470982837,0.8,0.10482003153121067,0.19385158815794434,0.06511254653139581,0.0,0
352,0.593423737119708,0.5041946158201842,0.9822207869085859,0.6000000000000001,0.0,0.08186556416182902,1.0,0.0,0
353,0.6319347540726729,0.5862259686643383,0.8619793595045371,0.4000000000000001,0.6255105581498752,0.18920363792222322,0.5996242596169578,0.0,0
354,0.3092620067130111,0.36349906007195193,0.7507547823318421,0.2,0.3778056214265215,0.0,0.7155367693495023,0.0,0
355,0.30610174891140635,0.3634071501299648,0.7534290774728107,0.2,0.36221772548849773,0.0015072477217208113,0.7159298569142624,0.0,0
356,0.8179578625390734,0.8622116676238871,0.885889281104696,0.6000000000000001,0.6096506023220443,0.1802890864216643,0.3563715155169687,0.0,0
357,0.5047347498062593,0.648185732388346,0.0,0.0,0.9596315374902795,0.16020896695292003,0.14341927269630073,0.0,1
358,0.37884024741541555,0.6840625917380379,0.7247721470982837,0.8,0.10482003153121067,0.19385158815794434,0.06511254653139581,0.0,0
359,0.593423737119708,0.5041946158201842,0.9822207869085859,0.6000000000000001,0.0,0.08186556416182902,1.0,0.0,0
360,0.6319347540726729,0.5862259686643383,0.8619793595045371,0.4000000000000001,0.6255105581498752,0.18920363792222322,0.5996242596169578,0.0,0
361,0.3092620067130111,0.36349906007195193,0.7507547823318421,0.2,0.3778056214265215,0.0,0.7155367693495023,0.0,0
362,0.30610174891140635,0.3634071501299648,0.7534290774728107,0.2,0.36221772548849773,0.0015072477217208113,0.7159298569142624,0.0,0
363,0.8179578625390734,0.8622116676238871,0.885889281104696,0.6000000000000001,0.6096506023220443,0.1802890864216643,0.3563715155169687,0.0,0
364,0.5047347498062593,0.648185732388346,0.0,0.0,0.9596315374902795,0.16020896695292003,0.14341927269630073,0.0,1
365,0.37884024741541555,0.6840625917380379,0.7247721470982837,0.8,0.10482003153121067,0.19385158815794434,0.06511254653139581,0.0,0
366,0.593423737119708,0.5041946158201842,0.9822207869085859,0.6000000000000001,0.0,0.08186556416182902,1.0,0.0,0
367,0.6319347540726729,0.5862259686643383,0.8619793595045371,0.4000000000000001,0.6255105581498752,0.18920363792222322,0.5996242596169578,0.0,0
368,0.3092620067130111,0.36349906007195193,0.7507547823318421,0.2,0.3778056214265215,0.0,0.7155367693495023,0.0,0
369,0.30610174891140635,0.3634071501299648,0.7534290774728107,0.2,0.36221772548849773,0.0015072477217208113,0.7159298569142624,0.0,0
370,0.8179578625390734,0.8622116676238871,0.885889281104696,0.6000000000000001,0.6096506023220443,0.1802890864216643,0.3563715155169687,0.0,0
371,0.5047347498062593,0.648185732388346,0.0,0.0,0.9596315374902795,0.16020896695292003,0.14341927269630073,0.0,1
372,0.37884024741541555,0.6840625917380379,0.7247721470982837,0.8,0.10482003153121067,0.19385158815794434,0.06511254653139581,0.0,0
373,0.593423737119708,0.5041946158201842,0.9822207869085859,0.6000000000000001,0.0,0.08186556416182902,1.0,0.0,0
374,0.6319347540726729,0.5862259686643383,0.8619793595045371,0.4000000000000001,0.6255105581498752,0.18920363792222322,0.5996242596169578,0.0,0
375,0.3092620067130111,0.36349906007195193,0.7507547823318421,0.2,0.3778056214265215,0.0,0.7155367693495023,0.0,0
376,0.30610174891140635,0.3634071501299648,0.7534290774728107,0.2,0.36221772548849773,0.0015072477217208113,0.7159298569142624,0.0,0
377,0.8179578625390734,0.8622116676238871,0.885889281104696,0.6000000000000001,0.6096506023220443,0.1802890864216643,0.3563715155169687,0.0,0
378,0.5047347498062593,0.648185732388346,0.0,0.0,0.9596315374902795,0.16020896695292003,0.14341927269630073,0.0,1
379,0.37884024741541555,0.6840625917380379,0.7247721470982837,0.8,0.10482003153121067,0.19385158815794434,0.06511254653139581,0.0,0
380,0.593423737119708,0.5041946158201842,0.9822207869085859,0.6000000000000001,0.0,0.08186556416182902,1.0,0.0,0
381,0.6319347540726729,0.5862259686643383,0.8619793595045371,0.4000000000000001,0.6255105581498752,0.18920363792222322,0.5996242596169578,0.0,0
382,0.3092620067130111,0.36349906007195193,0.7507547823318421,0.2,0.3778056214265215,0.0,0.7155367693495023,0.0,0
383,0.30610174891140635,0.3634071501299648,0.7534290774728107,0.2,0.36221772548849773,0.0015072477217208113,0.7159298569142624,0.0,0
384,0.8179578625390734,0.8622116676238871,0.885889281104696,0.6000000000000001,0.6096506023220443,0.1802890864216643,0.3563715155169687,0.0,0
385,0.5047347498062593,0.648185732388346,0.0,0.0,0.9596315374902795,0.16020896695292003,0.14341927269630073,0.0,1
386,0.37884024741541555,0.6840625917380379,0.7247721470982837,0.8,0.10482003153121067,0.19385158815794434,0.06511254653139581,0.0,0
387,0.593423737119708,0.5041946158201842,0.9822207869085859,0.6000000000000001,0.0,0.08186556416182902,1.0,0.0,0
388,0.6319347540726729,0.5862259686643383,0.8619793595045371,0.4000000000000001,0.6255105581498752,0.18920363792222322,0.5996242596169578,0.0,0
389,0.3092620067130111,0.36349906007195193,0.7507547823318421,0.2,0.3778056214265215,0.0,0.7155367693495023,0.0,0
390,0.30610174891140635,0.3634071501299648,0.7534290774728107,0.2,0.36221772548849773,0.0015072477217208113,0.7159298569142624,0.0,0
391,0.8179578625390734,0.8622116676238871,0.885889281104696,0.6000000000000001,0.6096506023220443,0.1802890864216643,0.3563715155169687,0.0,0
392,0.5047347498062593,0.648185732388346,0.0,0.0,0.9596315374902795,0.16020896695292003,0.14341927269630073,0.0,1
393,0.37884024741541555,0.6840625917380379,0.7247721470982837,0.8,0.10482003153121067,0.19385158815794434,0.06511254653139581,0.0,0
394,0.593423737119708,0.5041946158201842,0.9822207869085859,0.6000000000000001,0.0,0.08186556416182902,1.0,0.0,0
395,0.6319347540726729,0.5862259686643383,0.8619793595045371,0.4000000000000001,0.6255105581498752,0.18920363792222322,0.5996242596169578,0.0,0
396,0.3092620067130111,0.36349906007195193,0.7507547823318421,0.2,0.3778056214265215,0.0,0.7155367693495023,0.0,0
397,0.30610174891140635,0.3634071501299648,0.7534290774728107,0.2,0.36221772548849773,0.0015072477217208113,0.7159298569142624,0.0,0
398,0.8179578625390734,0.8622116676238871,0.885889281104696,0.6000000000000001,0.6096506023220443,0.1802890864216643,0.3563715155169687,0.0,0
399,0.5047347498062593,0.648185732388346,0.0,0.0,0.9596315374902795,0.16020896695292003,0.14341927269630073,0.0,1
400,0.37884024741541555,0.6840625917380379,0.7247721470982837,0.8,0.10482003153121067,0.19385158815794434,0.06511254653139581,0.0,0
401,0.593423737119708,0.5041946158201842,0.9822207869085859,0.6000000000000001,0.0,0.08186556416182902,1.0,0.0,0
402,0.6319347540726729,0.5862259686643383,0.8619793595045371,0.4000000000000001,0.6255105581498752,0.18920363792222322,0.5996242596169578,0.0,0
403,0.3092620067130111,0.36349906007195193,0.7507547823318421,0.2,0.3778056214265215,0.0,0.7155367693495023,0.0,0
404,0.30610174891140635,0.3634071501299648,0.7534290774728107,0.2,0.36221772548849773,0.0015072477217208113,0.7159298569142624,0.0,0
405,0.8179578625390734,0.8622116676238871,0.885889281104696,0.6000000000000001,0.6096506023220443,0.1802890864216643,0.3563715155169687,0.0,0
406,0.5047347498062593,0.648185732388346,0.0,0.0,0.9596315374902795,0.16020896695292003,0.14341927269630073,0.0,1
407,0.37884024741541555,0.6840625917380379,0.7247721470982837,0.8,0.10482003153121067,0.19385158815794434,0.06511254653139581,0.0,0
408,0.593423737119708,0.5041946158201842,0.9822207869085859,0.6000000000000001,0.0,0.08186556416182902,1.0,0.0,0
409,0.6319347540726729,0.5862259686643383,0.8619793595045371,0.4000000000000001,0.6255105581498752,0.18920363792222322,0.5996242596169578,0.0,0
410,0.3092620067130111,0.36349906007195193,0.7507547823318421,0.2,0.3778056214265215,0.0,0.7155367693495023,0.0,0
411,0.30610174891140635,0.3634071501299648,0.7534290774728107,0.2,0.36221772548849773,0.0015072477217208113,0.7159298569142624,0.0,0
412,0.8179578625390734,0.8622116676238871,0.885889281104696,0.6000000000000001,0.6096506023220443,0.1802890864216643,0.3563715155169687,0.0,0
413,0.5047347498062593,0.648185732388346,0.0,0.0,0.9596315374902795,0.16020896695292003,0.14341927269630073,0.0,1
414,0.37884024741541555,0.6840625917380379,0.7247721470982837,0.8,0.10482003153121067,0.19385158815794434,0.06511254653139581,0.0,0
415,0.593423737119708,0.5041946158201842,0.9822207869085859,0.6000000000000001,0.0,0.08186556416182902,1.0,0.0,0
416,0.6319347540726729,0.5862259686643383,0.8619793595045371,0.4000000000000001,0.6255105581498752,0.18920363792222322,0.5996242596169578,0.0,0
417,0.3092620067130111,0.36349906007195193,0.7507547823318421,0.2,0.3778056214265215,0.0,0.7155367693495023,0.0,0
418,0.30610174891140635,0.3634071501299648,0.7534290774728107,0.2,0.36221772548849773,0.0015072477217208113,0.7159298569142624,0.0,0
419,0.8179578625390734,0.8622116676238871,0.885889281104696,0.6000000000000001,0.6096506023220443,0.1802890864216643,0.3563715155169687,0.0,0
420,0.5047347498062593,0.648185732388346,0.0,0.0,0.9596315374902795,0.16020896695292003,0.14341927269630073,0.0,1
421,0.37884024741541555,0.6840625917380379,0.7247721470982837,0.8,0.10482003153121067,0.19385158815794434,0.06511254653139581,0.0,0
422,0.593423737119708,0.5041946158201842,0.9822207869085859,0.6000000000000001,0.0,0.08186556416182902,1.0,0.0,0
423,0.6319347540726729,0.5862259686643383,0.8619793595045371,0.4000000000000001,0.6255105581498752,0.18920363792222322,0.5996242596169578,0.0,0
424,0.3092620067130111,0.36349906007195193,0.7507547823318421,0.2,0.3778056214265215,0.0,0.7155367693495023,0.0,0
425,0.30610174891140635,0.3634071501299648,0.7534290774728107,0.2,0.36221772548849773,0.0015072477217208113,0.7159298569142624,0.0,0
426,0.8179578625390734,0.8622116676238871,0.885889281104696,0.6000000000000001,0.6096506023220443,0.1802890864216643,0.3563715155169687,0.0,0
427,0.5047347498062593,0.648185732388346,0.0,0.0,0.9596315374902795,0.16020896695292003,0.14341927269630073,0.0,1
428,0.37884024741541555,0.6840625917380379,0.7247721470982837,0.8,0.10482003153121067,0.19385158815794434,0.06511254653139581,0.0,0
429,0.593423737119708,0.5041946158201842,0.9822207869085859,0.6000000000000001,0.0,0.08186556416182902,1.0,0.0,0
430,0.6319347540726729,0.5862259686643383,0.8619793595045371,0.4000000000000001,0.6255105581498752,0.18920363792222322,0.5996242596169578,0.0,0
431,0.3092620067130111,0.36349906007195193,0.7507547823318421,0.2,0.3778056214265215,0.0,0.7155367693495023,0.0,0
432,0.30610174891140635,0.3634071501299648,0.7534290774728107,0.2,0.36221772548849773,0.0015072477217208113,0.7159298569142624,0.0,0
433,0.8179578625390734,0.8622116676238871,0.885889281104696,0.6000000000000001,0.6096506023220443,0.1802890864216643,0.3563715155169687,0.0,0
434,0.5047347498062593,0.648185732388346,0.0,0.0,0.9596315374902795,0.16020896695292003,0.14341927269630073,0.0,1
435,0.37884024741541555,0.6840625917380379,0.7247721470982837,0.8,0.10482003153121067,0.19385158815794434,0.06511254653139581,0.0,0
436,0.593423737119708,0.5041946158201842,0.9822207869085859,0.6000000000000001,0.0,0.08186556416182902,1.0,0.0,0
437,0.6319347540726729,0.5862259686643383,0.8619793595045371,0.4000000000000001,0.6255105581498752,0.18920363792222322,0.5996242596169578,0.0,0
438,0.3092620067130111,0.36349906007195193,0.7507547823318421,0.2,0.3778056214265215,0.0,0.7155367693495023,0.0,0
439,0.30610174891140635,0.3634071501299648,0.7534290774728107,0.2,0.36221772548849773,0.0015072477217208113,0.7159298569142624,0.0,0
440,0.8179578625390734,0.8622116676238871,0.885889281104696,0.6000000000000001,0.6096506023220443,0.1802890864216643,0.3563715155169687,0.0,0
441,0.37884024741541555,0.6840625917380379,0.7247721470982837,0.8,0.10482003153121067,0.19385158815794434,0.06511254653139581,0.0,0
442,0.593423737119708,0.5041946158201842,0.9822207869085859,0.6000000000000001,0.0,0.08186556416182902,1.0,0.0,0
443,0.6319347540726729,0.5862259686643383,0.8619793595045371,0.4000000000000001,0.6255105581498752,0.18920363792222322,0.5996242596169578,0.0,0
444,0.3092620067130111,0.36349906007195193,0.7507547823318421,0.2,0.3778056214265215,0.0,0.7155367693495023,0.0,0
445,0.30610174891140635,0.3634071501299648,0.7534290774728107,0.2,0.36221772548849773,0.0015072477217208113,0.7159298569142624,0.0,0
446,0.8241416708995523,0.453985098920991,0.9240616439515381,0.6000000000000001,0.357875510940046,0.15139964319515603,0.8871348196952202,0.0,0
447,0.8179578625390734,0.8622116676238871,0.885889281104696,0.6000000000000001,0.6096506023220443,0.1802890864216643,0.3563715155169687,0.0,0
448,0.37884024741541555,0.6840625917380379,0.7247721470982837,0.8,0.10482003153121067,0.19385158815794434,0.06511254653139581,0.0,0
449,0.593423737119708,0.5041946158201842,0.9822207869085859,0.6000000000000001,0.0,0.08186556416182902,1.0,0.0,0
450,0.6319347540726729,0.5862259686643383,0.8619793595045371,0.4000000000000001,0.6255105581498752,0.18920363792222322,0.5996242596169578,0.0,0
451,0.3092620067130111,0.36349906007195193,0.7507547823318421,0.2,0.3778056214265215,0.0,0.7155367693495023,0.0,0
452,0.30610174891140635,0.3634071501299648,0.7534290774728107,0.2,0.36221772548849773,0.0015072477217208113,0.7159298569142624,0.0,0
453,0.8241416708995523,0.453985098920991,0.9240616439515381,0.6000000000000001,0.357875510940046,0.15139964319515603,0.8871348196952202,0.0,0
454,0.8179578625390734,0.8622116676238871,0.885889281104696,0.6000000000000001,0.6096506023220443,0.1802890864216643,0.3563715155169687,0.0,0
455,1.0,0.1251516053878347,0.7670873327619502,0.4000000000000001,0.29070105552400993,0.08131055383500063,0.8708152648521381,0.0,0
456,1.0,0.1251516053878347,0.7670873327619502,0.4000000000000001,0.29070105552400993,0.08131055383500063,0.8708152648521381,0.0,0
457,0.6319347540726729,0.5862259686643383,0.8619793595045371,0.4000000000000001,0.6255105581498752,0.18920363792222322,0.5996242596169578,0.0,0
458,0.3092620067130111,0.36349906007195193,0.7507547823318421,0.2,0.3778056214265215,0.0,0.7155367693495023,0.0,0
459,0.30610174891140635,0.3634071501299648,0.7534290774728107,0.2,0.36221772548849773,0.0015072477217208113,0.7159298569142624,0.0,0
460,0.8241416708995523,0.453985098920991,0.9240616439515381,0.6000000000000001,0.357875510940046,0.15139964319515603,0.8871348196952202,0.0,0
461,0.8179578625390734,0.8622116676238871,0.885889281104696,0.6000000000000001,0.6096506023220443,0.1802890864216643,0.3563715155169687,0.0,0
462,1.0,0.1251516053878347,0.7670873327619502,0.4000000000000001,0.29070105552400993,0.08131055383500063,0.8708152648521381,0.0,0
463,1.0,0.1251516053878347,0.7670873327619502,0.4000000000000001,0.29070105552400993,0.08131055383500063,0.8708152648521381,0.0,0
464,0.6319347540726729,0.5862259686643383,0.8619793595045371,0.4000000000000001,0.6255105581498752,0.18920363792222322,0.5996242596169578,0.0,0
465,0.3092620067130111,0.36349906007195193,0.7507547823318421,0.2,0.3778056214265215,0.0,0.7155367693495023,0.0,0
466,0.30610174891140635,0.3634071501299648,0.7534290774728107,0.2,0.36221772548849773,0.0015072477217208113,0.7159298569142624,0.0,0
467,0.8241416708995523,0.453985098920991,0.9240616439515381,0.6000000000000001,0.357875510940046,0.15139964319515603,0.8871348196952202,0.0,0
468,0.8179578625390734,0.8622116676238871,0.885889281104696,0.6000000000000001,0.6096506023220443,0.1802890864216643,0.3563715155169687,0.0,0
469,1.0,0.1251516053878347,0.7670873327619502,0.4000000000000001,0.29070105552400993,0.08131055383500063,0.8708152648521381,0.0,0
470,1.0,0.1251516053878347,0.7670873327619502,0.4000000000000001,0.29070105552400993,0.08131055383500063,0.8708152648521381,0.0,0
471,0.6319347540726729,0.5862259686643383,0.8619793595045371,0.4000000000000001,0.6255105581498752,0.18920363792222322,0.5996242596169578,0.0,0
472,0.3092620067130111,0.36349906007195193,0.7507547823318421,0.2,0.3778056214265215,0.0,0.7155367693495023,0.0,0
473,0.30610174891140635,0.3634071501299648,0.7534290774728107,0.2,0.36221772548849773,0.0015072477217208113,0.7159298569142624,0.0,0
474,0.8241416708995523,0.453985098920991,0.9240616439515381,0.6000000000000001,0.357875510940046,0.15139964319515603,0.8871348196952202,0.0,0
475,0.8179578625390734,0.8622116676238871,0.885889281104696,0.6000000000000001,0.6096506023220443,0.1802890864216643,0.3563715155169687,0.0,0
476,1.0,0.1251516053878347,0.7670873327619502,0.4000000000000001,0.29070105552400993,0.08131055383500063,0.8708152648521381,0.0,0
477,1.0,0.1251516053878347,0.7670873327619502,0.4000000000000001,0.29070105552400993,0.08131055383500063,0.8708152648521381,0.0,0
478,0.6319347540726729,0.5862259686643383,0.8619793595045371,0.4000000000000001,0.6255105581498752,0.18920363792222322,0.5996242596169578,0.0,0
479,0.3092620067130111,0.36349906007195193,0.7507547823318421,0.2,0.3778056214265215,0.0,0.7155367693495023,0.0,0
480,0.30610174891140635,0.3634071501299648,0.7534290774728107,0.2,0.36221772548849773,0.0015072477217208113,0.7159298569142624,0.0,0
481,0.8241416708995523,0.453985098920991,0.9240616439515381,0.6000000000000001,0.357875510940046,0.15139964319515603,0.8871348196952202,0.0,0
482,0.8179578625390734,0.8622116676238871,0.885889281104696,0.6000000000000001,0.6096506023220443,0.1802890864216643,0.3563715155169687,0.0,0
483,1.0,0.1251516053878347,0.7670873327619502,0.4000000000000001,0.29070105552400993,0.08131055383500063,0.8708152648521381,0.0,0
484,1.0,0.1251516053878347,0.7670873327619502,0.4000000000000001,0.29070105552400993,0.08131055383500063,0.8708152648521381,0.0,0
485,0.6319347540726729,0.5862259686643383,0.8619793595045371,0.4000000000000001,0.6255105581498752,0.18920363792222322,0.5996242596169578,0.0,0
486,0.3092620067130111,0.36349906007195193,0.7507547823318421,0.2,0.3778056214265215,0.0,0.7155367693495023,0.0,0
487,0.30610174891140635,0.3634071501299648,0.7534290774728107,0.2,0.36221772548849773,0.0015072477217208113,0.7159298569142624,0.0,0
488,0.8241416708995523,0.453985098920991,0.9240616439515381,0.6000000000000001,0.357875510940046,0.15139964319515603,0.8871348196952202,0.0,0
489,0.8179578625390734,0.8622116676238871,0.885889281104696,0.6000000000000001,0.6096506023220443,0.1802890864216643,0.3563715155169687,0.0,0
490,1.0,0.1251516053878347,0.7670873327619502,0.4000000000000001,0.29070105552400993,0.08131055383500063,0.8708152648521381,0.0,0
491,1.0,0.1251516053878347,0.7670873327619502,0.4000000000000001,0.29070105552400993,0.08131055383500063,0.8708152648521381,0.0,0
492,0.6319347540726729,0.5862259686643383,0.8619793595045371,0.4000000000000001,0.6255105581498752,0.18920363792222322,0.5996242596169578,0.0,0
493,0.3092620067130111,0.36349906007195193,0.7507547823318421,0.2,0.3778056214265215,0.0,0.7155367693495023,0.0,0
494,0.30610174891140635,0.3634071501299648,0.7534290774728107,0.2,0.36221772548849773,0.0015072477217208113,0.7159298569142624,0.0,0
495,0.8241416708995523,0.453985098920991,0.9240616439515381,0.6000000000000001,0.357875510940046,0.15139964319515603,0.8871348196952202,0.0,0
496,0.8179578625390734,0.8622116676238871,0.885889281104696,0.6000000000000001,0.6096506023220443,0.1802890864216643,0.3563715155169687,0.0,0
497,1.0,0.1251516053878347,0.7670873327619502,0.4000000000000001,0.29070105552400993,0.08131055383500063,0.8708152648521381,0.0,0
498,1.0,0.1251516053878347,0.7670873327619502,0.4000000000000001,0.29070105552400993,0.08131055383500063,0.8708152648521381,0.0,0
499,0.6319347540726729,0.5862259686643383,0.8619793595045371,0.4000000000000001,0.6255105581498752,0.18920363792222322,0.5996242596169578,0.0,0
500,0.3092620067130111,0.36349906007195193,0.7507547823318421,0.2,0.3778056214265215,0.0,0.7155367693495023,0.0,0
501,0.30610174891140635,0.3634071501299648,0.7534290774728107,0.2,0.36221772548849773,0.0015072477217208113,0.7159298569142624,0.0,0
502,0.8241416708995523,0.453985098920991,0.9240616439515381,0.6000000000000001,0.357875510940046,0.15139964319515603,0.8871348196952202,0.0,0
503,0.8179578625390734,0.8622116676238871,0.885889281104696,0.6000000000000001,0.6096506023220443,0.1802890864216643,0.3563715155169687,0.0,0
504,1.0,0.1251516053878347,0.7670873327619502,0.4000000000000001,0.29070105552400993,0.08131055383500063,0.8708152648521381,0.0,0
505,1.0,0.1251516053878347,0.7670873327619502,0.4000000000000001,0.29070105552400993,0.08131055383500063,0.8708152648521381,0.0,0
506,0.6319347540726729,0.5862259686643383,0.8619793595045371,0.4000000000000001,0.6255105581498752,0.18920363792222322,0.5996242596169578,0.0,0
507,0.3092620067130111,0.36349906007195193,0.7507547823318421,0.2,0.3778056214265215,0.0,0.7155367693495023,0.0,0
508,0.30610174891140635,0.3634071501299648,0.7534290774728107,0.2,0.36221772548849773,0.0015072477217208113,0.7159298569142624,0.0,0
509,0.8241416708995523,0.453985098920991,0.9240616439515381,0.6000000000000001,0.357875510940046,0.15139964319515603,0.8871348196952202,0.0,0
510,0.8179578625390734,0.8622116676238871,0.885889281104696,0.6000000000000001,0.6096506023220443,0.1802890864216643,0.3563715155169687,0.0,0
511,1.0,0.1251516053878347,0.7670873327619502,0.4000000000000001,0.29070105552400993,0.08131055383500063,0.8708152648521381,0.0,0
512,0.6319347540726729,0.5862259686643383,0.8619793595045371,0.4000000000000001,0.6255105581498752,0.18920363792222322,0.5996242596169578,0.0,0
513,0.3092620067130111,0.36349906007195193,0.7507547823318421,0.2,0.3778056214265215,0.0,0.7155367693495023,0.0,0
514,0.30610174891140635,0.3634071501299648,0.7534290774728107,0.2,0.36221772548849773,0.0015072477217208113,0.7159298569142624,0.0,0
515,0.8241416708995523,0.453985098920991,0.9240616439515381,0.6000000000000001,0.357875510940046,0.15139964319515603,0.8871348196952202,0.0,0
516,0.4838640566517362,0.370417352518098,0.6535683859425296,0.4000000000000001,0.15600651318402803,0.1102638347140025,0.19715883627845981,0.0,0
517,0.8179578625390734,0.8622116676238871,0.885889281104696,0.6000000000000001,0.6096506023220443,0.1802890864216643,0.3563715155169687,0.0,0
518,1.0,0.1251516053878347,0.7670873327619502,0.4000000000000001,0.29070105552400993,0.08131055383500063,0.8708152648521381,0.0,0
519,0.6319347540726729,0.5862259686643383,0.8619793595045371,0.4000000000000001,0.6255105581498752,0.18920363792222322,0.5996242596169578,0.0,0
520,0.3092620067130111,0.36349906007195193,0.7507547823318421,0.2,0.3778056214265215,0.0,0.7155367693495023,0.0,0
521,0.30610174891140635,0.3634071501299648,0.7534290774728107,0.2,0.36221772548849773,0.0015072477217208113,0.7159298569142624,0.0,0
522,0.8241416708995523,0.453985098920991,0.9240616439515381,0.6000000000000001,0.357875510940046,0.15139964319515603,0.8871348196952202,0.0,0
523,0.4838640566517362,0.370417352518098,0.6535683859425296,0.4000000000000001,0.15600651318402803,0.1102638347140025,0.19715883627845981,0.0,0
524,0.8179578625390734,0.8622116676238871,0.885889281104696,0.6000000000000001,0.6096506023220443,0.1802890864216643,0.3563715155169687,0.0,0
525,0.4291592161925824,0.5673153784448337,0.7668009955960124,0.6000000000000001,0.12178828697452304,0.09918907813397226,0.07117311197734777,0.0,0
526,0.6319347540726729,0.5862259686643383,0.8619793595045371,0.4000000000000001,0.6255105581498752,0.18920363792222322,0.5996242596169578,0.0,0
527,0.3092620067130111,0.36349906007195193,0.7507547823318421,0.2,0.3778056214265215,0.0,0.7155367693495023,0.0,0
528,0.30610174891140635,0.3634071501299648,0.7534290774728107,0.2,0.36221772548849773,0.0015072477217208113,0.7159298569142624,0.0,0
529,0.8241416708995523,0.453985098920991,0.9240616439515381,0.6000000000000001,0.357875510940046,0.15139964319515603,0.8871348196952202,0.0,0
530,0.4838640566517362,0.370417352518098,0.6535683859425296,0.4000000000000001,0.15600651318402803,0.1102638347140025,0.19715883627845981,0.0,0
531,0.8179578625390734,0.8622116676238871,0.885889281104696,0.6000000000000001,0.6096506023220443,0.1802890864216643,0.3563715155169687,0.0,0
